<?xml version="1.0" encoding="UTF-8"?>
<!DOCTYPE suite SYSTEM "https://testng.org/testng-1.0.dtd">
<suite name="Suite" thread-count="4" parallel="tests">
  <test name="ChromeTest">
	  <parameter name="browserName" value="Chrome"></parameter>
	   <parameter name="browserVersion" value="123.0"></parameter>
	   <parameter name="osVersion" value="Windows 10"></parameter>  	
    <classes>
      <class name="DemoLambdaTest.MyCrossBrowserExecution"/>
    </classes>
  </test> 
  
  <test name="ChromeTestWindows11">
	   <parameter name="browserName" value="firefox"></parameter>
	   <parameter name="browserVersion" value="124.0"></parameter>
	   <parameter name="osVersion" value="Windows 11"></parameter>  	
    <classes>
       <class name="DemoLambdaTest.MyCrossBrowserExecution"/>
    </classes>
  </test> 
  
  
   <test name="EdgeTestWindows10">
	   <parameter name="browserName" value="Edge"></parameter>
	   <parameter name="browserVersion" value="123.0"></parameter>
	   <parameter name="osVersion" value="Windows 10"></parameter>  	
    <classes>
       <class name="DemoLambdaTest.MyCrossBrowserExecution"/>
    </classes>
  </test> 
  
    <test name="ChromeTestWindows11version119">
	   <parameter name="browserName" value="Chrome"></parameter>
	   <parameter name="browserVersion" value="119.0"></parameter>
	   <parameter name="osVersion" value="Windows 11"></parameter>  	
    <classes>
       <class name="DemoLambdaTest.MyCrossBrowserExecution"/>
    </classes>
  </test> 
  
  
  
  
 
</suite> 